{"cameraMode":{"drawMode":0,"name":"Shaded","section":"Shading Mode"},"sceneLighting":true,"audioPlay":false,"sceneViewState":{"showFog":true,"showMaterialUpdate":false,"showSkybox":true,"showFlares":true,"showImageEffects":true,"showParticleSystems":true},"in2DMode":false,"pivot":{"x":3.038323402404785,"y":2.935567617416382,"z":15.657417297363282},"rotation":{"x":-0.07415256649255753,"y":0.16879835724830628,"z":-0.012736355885863305,"w":-0.9827741384506226},"size":10.0,"orthographic":false}