{"cameraMode":{"drawMode":0,"name":"Shaded","section":"Shading Mode"},"sceneLighting":true,"audioPlay":false,"sceneViewState":{"showFog":true,"showMaterialUpdate":false,"showSkybox":true,"showFlares":true,"showImageEffects":true,"showParticleSystems":true},"in2DMode":false,"pivot":{"x":1.754974365234375,"y":-130.52078247070313,"z":152.2699432373047},"rotation":{"x":-0.3842773139476776,"y":0.08759602159261704,"z":-0.036656271666288379,"w":-0.918334424495697},"size":309.2145080566406,"orthographic":false}